Model,Accuracy,AUC,Precision,Recall,F1,MCC
Logistic Regression,0.8926666666666667,0.9507291428571429,0.762970498474059,0.75,0.7564296520423599,0.6876448742304018
